,FinalType,Competitors,NOC,Time,500 m,"1,000 m","1,500 m","500-1,000 m","1,000-1,500 m","1,500-2,000 m",Rank,Boat,Year,City
0,Final A,East Germany,GDR,5:49.81,1:24.43,2:53.31,4:21.61,1:28.88,1:28.30,1:28.20,1,M4x,1980,Moskva
2,Final A,Soviet Union,URS,5:51.47,1:23.40,2:51.90,4:22.05,1:28.50,1:30.15,1:29.42,2,M4x,1980,Moskva
4,Final A,Bulgaria,BUL,5:52.38,1:23.79,2:55.26,4:25.29,1:31.47,1:30.03,1:27.09,3,M4x,1980,Moskva
6,Final A,France,FRA,5:53.45,1:24.79,2:54.99,4:24.72,1:30.20,1:29.73,1:28.73,4,M4x,1980,Moskva
8,Final A,Spain,ESP,6:01.19,1:25.83,2:57.17,4:28.43,1:31.34,1:31.26,1:32.76,5,M4x,1980,Moskva
10,Final A,Yugoslavia,YUG,6:10.76,1:25.32,2:57.48,4:32.16,1:32.16,1:34.68,1:38.60,6,M4x,1980,Moskva
0,Final B,Poland,POL,5:58.63,1:26.03,2:55.41,4:27.32,1:29.38,1:31.91,1:31.31,7,M4x,1980,Moskva
2,Final B,Netherlands,NED,6:02.58,1:26.85,2:58.50,4:32.38,1:31.65,1:33.88,1:30.20,8,M4x,1980,Moskva
4,Final B,Denmark,DEN,6:05.38,1:27.49,2:59.76,4:32.70,1:32.27,1:32.94,1:32.68,9,M4x,1980,Moskva
6,Final B,Austria,AUT,6:06.27,1:28.31,3:01.65,4:35.69,1:33.34,1:34.04,1:30.58,10,M4x,1980,Moskva
8,Final B,Brazil,BRA,6:06.58,1:29.22,3:02.73,4:36.94,1:33.51,1:34.21,1:29.64,11,M4x,1980,Moskva
10,Final B,Cuba,CUB,6:16.65,1:28.86,3:03.96,4:41.62,1:35.10,1:37.66,1:35.03,12,M4x,1980,Moskva
0,Final A,West Germany,FRG,5:57.55,1:27.23,2:59.24,4:30.30,1:32.01,1:31.06,1:27.25,1,M4x,1984,California
2,Final A,Australia,AUS,5:57.98,1:26.56,2:57.36,4:28.83,1:30.80,1:31.47,1:29.15,2,M4x,1984,California
4,Final A,Canada,CAN,5:59.07,1:29.00,3:00.45,4:30.51,1:31.45,1:30.06,1:28.56,3,M4x,1984,California
6,Final A,Italy,ITA,6:00.94,1:28.46,2:59.89,4:31.64,1:31.43,1:31.75,1:29.30,4,M4x,1984,California
8,Final A,France,FRA,6:01.35,1:29.44,3:01.82,4:33.37,1:32.38,1:31.55,1:27.98,5,M4x,1984,California
10,Final A,Spain,ESP,6:04.99,1:27.90,3:00.26,4:33.03,1:32.36,1:32.77,1:31.96,6,M4x,1984,California
0,Final B,United States,USA,6:11.50,1:32.47,3:07.02,4:41.35,1:34.55,1:34.33,1:30.15,7,M4x,1984,California
2,Final B,Norway,NOR,6:12.18,1:34.63,3:08.49,4:42.11,1:33.86,1:33.62,1:30.07,8,M4x,1984,California
4,Final B,Netherlands,NED,6:12.41,1:32.09,3:08.13,4:43.77,1:36.04,1:35.64,1:28.64,9,M4x,1984,California
6,Final B,Argentina,ARG,6:32.52,1:33.80,3:14.36,4:53.84,1:40.56,1:39.48,1:38.68,10,M4x,1984,California
0,Final A,Italy,ITA,5:53.37,1:26.53,2:54.80,4:24.48,1:28.27,1:29.68,1:28.89,1,M4x,1988,Hanam
2,Final A,Norway,NOR,5:55.08,1:28.85,2:58.34,4:29.10,1:29.49,1:30.76,1:25.98,2,M4x,1988,Hanam
4,Final A,East Germany,GDR,5:56.13,1:26.23,2:56.48,4:28.40,1:30.25,1:31.92,1:27.73,3,M4x,1988,Hanam
6,Final A,Soviet Union,URS,5:57.18,1:26.83,2:56.22,4:27.46,1:29.39,1:31.24,1:29.72,4,M4x,1988,Hanam
8,Final A,Australia,AUS,5:59.15,1:29.30,2:59.16,4:33.31,1:29.86,1:34.15,1:25.84,5,M4x,1988,Hanam
10,Final A,West Germany,FRG,5:59.59,1:28.04,2:58.77,4:30.98,1:30.73,1:32.21,1:28.61,6,M4x,1988,Hanam
0,Final B,Poland,POL,5:55.39,1:25.38,2:54.96,4:26.66,1:29.58,1:31.70,1:28.73,7,M4x,1988,Hanam
2,Final B,Netherlands,NED,5:55.72,1:24.97,2:54.58,4:27.03,1:29.61,1:32.45,1:28.69,8,M4x,1988,Hanam
4,Final B,Canada,CAN,5:58.06,1:24.62,2:52.99,4:25.98,1:28.37,1:32.99,1:32.08,9,M4x,1988,Hanam
6,Final B,Hungary,HUN,5:58.37,1:25.74,2:57.70,4:27.86,1:31.96,1:30.16,1:30.51,10,M4x,1988,Hanam
8,Final B,Czechoslovakia,TCH,5:58.70,1:27.02,2:58.16,4:30.37,1:31.14,1:32.21,1:28.33,11,M4x,1988,Hanam
10,Final B,Argentina,ARG,6:04.47,1:26.69,2:55.49,4:31.58,1:28.80,1:36.09,1:32.89,12,M4x,1988,Hanam
0,Final A,Germany,GER,5:45.17,1:25.50,2:52.63,4:19.88,1:27.13,1:27.25,1:25.29,1,M4x,1992,Bañolas
2,Final A,Norway,NOR,5:47.09,1:26.21,2:54.00,4:22.20,1:27.79,1:28.20,1:24.89,2,M4x,1992,Bañolas
4,Final A,Italy,ITA,5:47.33,1:24.92,2:52.67,4:20.73,1:27.75,1:28.06,1:26.60,3,M4x,1992,Bañolas
6,Final A,Switzerland,SUI,5:47.39,1:26.59,2:55.52,4:23.54,1:28.93,1:28.02,1:23.85,4,M4x,1992,Bañolas
8,Final A,Netherlands,NED,5:48.92,1:26.50,2:55.39,4:23.94,1:28.89,1:28.55,1:24.98,5,M4x,1992,Bañolas
10,Final A,France,FRA,5:54.80,1:25.87,2:56.08,4:25.81,1:30.21,1:29.73,1:28.99,6,M4x,1992,Bañolas
0,Final B,Unified Team,EUN,5:54.48,1:25.08,2:53.27,4:24.62,1:28.19,1:31.35,1:29.86,7,M4x,1992,Bañolas
2,Final B,United States,USA,5:55.06,1:26.82,2:56.23,4:26.30,1:29.41,1:30.07,1:28.76,8,M4x,1992,Bañolas
4,Final B,Australia,AUS,5:56.44,1:27.00,2:56.74,4:26.62,1:29.74,1:29.88,1:29.82,9,M4x,1992,Bañolas
6,Final B,Spain,ESP,5:58.33,1:27.44,2:57.54,4:29.15,1:30.10,1:31.61,1:29.18,10,M4x,1992,Bañolas
8,Final B,Poland,POL,6:01.18,1:25.54,2:55.41,4:28.56,1:29.87,1:33.15,1:32.62,11,M4x,1992,Bañolas
10,Final B,Belgium,BEL,6:01.38,1:28.02,2:58.92,4:30.25,1:30.90,1:31.33,1:31.13,12,M4x,1992,Bañolas
0,Final C,Great Britain,GBR,6:08.92,–,–,–,–,–,–,13,M4x,1992,Bañolas
2,Final C,Austria,AUT,6:13.75,–,–,–,–,–,–,14,M4x,1992,Bañolas
4,Final C,Sweden,SWE,6:20.86,–,–,–,–,–,–,15,M4x,1992,Bañolas
0,Final A,Germany,GER,5:56.93,1:26.15,2:54.89,4:26.09,1:28.74,1:31.20,1:30.84,1,M4x,1996,Georgia
2,Final A,United States,USA,5:59.10,1:27.58,2:57.47,4:29.88,1:29.89,1:32.41,1:29.22,2,M4x,1996,Georgia
4,Final A,Australia,AUS,6:01.65,1:28.24,2:59.21,4:32.17,1:30.97,1:32.96,1:29.48,3,M4x,1996,Georgia
6,Final A,Italy,ITA,6:02.12,1:27.07,2:57.72,4:30.42,1:30.65,1:32.70,1:31.70,4,M4x,1996,Georgia
8,Final A,Switzerland,SUI,6:04.52,1:27.95,2:58.78,4:32.70,1:30.83,1:33.92,1:31.82,5,M4x,1996,Georgia
10,Final A,Sweden,SWE,6:07.75,1:28.52,2:59.89,4:33.90,1:31.37,1:34.01,1:33.85,6,M4x,1996,Georgia
0,Final B,Ukraine,UKR,5:53.46,1:26.82,2:55.26,4:24.35,1:28.44,1:29.09,1:29.11,7,M4x,1996,Georgia
2,Final B,Russian Federation,RUS,5:54.98,1:26.46,2:55.01,4:25.51,1:28.55,1:30.50,1:29.47,8,M4x,1996,Georgia
4,Final B,Poland,POL,5:55.10,1:28.98,2:58.05,4:27.49,1:29.07,1:29.44,1:27.61,9,M4x,1996,Georgia
6,Final B,Netherlands,NED,5:55.15,1:28.31,2:57.03,4:27.91,1:28.72,1:30.88,1:27.24,10,M4x,1996,Georgia
8,Final B,Belarus,BLR,5:55.52,1:27.59,2:56.60,4:27.13,1:29.01,1:30.53,1:28.39,11,M4x,1996,Georgia
10,Final B,France,FRA,6:00.48,1:28.71,2:58.31,4:29.92,1:29.60,1:31.61,1:30.56,12,M4x,1996,Georgia
0,Final A,Italy,ITA,5:45.56,1:25.47,2:52.40,4:19.62,1:26.93,1:27.22,1:25.94,1,M4x,2000,NewSouthWales
2,Final A,Netherlands,NED,5:47.91,1:26.03,2:54.12,4:22.33,1:28.09,1:28.21,1:25.58,2,M4x,2000,NewSouthWales
4,Final A,Germany,GER,5:48.64,1:24.77,2:51.65,4:20.32,1:26.88,1:28.67,1:28.32,3,M4x,2000,NewSouthWales
6,Final A,Australia,AUS,5:50.32,1:26.39,2:54.93,4:23.71,1:28.54,1:28.78,1:26.61,4,M4x,2000,NewSouthWales
8,Final A,Switzerland,SUI,5:54.88,1:26.84,2:56.12,4:26.05,1:29.28,1:29.93,1:28.83,5,M4x,2000,NewSouthWales
10,Final A,Ukraine,UKR,5:55.12,1:25.76,2:54.38,4:23.96,1:28.62,1:29.58,1:31.16,6,M4x,2000,NewSouthWales
0,Final B,United States,USA,5:49.76,1:26.01,2:54.40,4:23.00,1:28.39,1:28.60,1:26.76,7,M4x,2000,NewSouthWales
2,Final B,Poland,POL,5:51.79,1:26.19,2:55.65,4:24.32,1:29.46,1:28.67,1:27.47,8,M4x,2000,NewSouthWales
4,Final B,Belgium,BEL,5:54.17,1:27.37,2:57.08,4:26.27,1:29.71,1:29.19,1:27.90,9,M4x,2000,NewSouthWales
6,Final B,France,FRA,5:55.41,1:27.66,2:57.45,4:26.85,1:29.79,1:29.40,1:28.56,10,M4x,2000,NewSouthWales
8,Final B,Austria,AUT,5:57.58,1:27.05,2:58.05,4:28.84,1:31.00,1:30.79,1:28.74,11,M4x,2000,NewSouthWales
10,Final B,Cuba,CUB,6:00.63,1:26.74,2:57.74,4:29.32,1:31.00,1:31.58,1:31.31,12,M4x,2000,NewSouthWales
0,Final A,Russian Federation,RUS,5:56.85,1:25.79,2:56.94,4:27.42,1:31.15,1:30.48,1:29.43,1,M4x,2004,SchiniasNationalPark
2,Final A,Czech Republic,CZE,5:57.43,1:25.49,2:56.65,4:28.52,1:31.16,1:31.87,1:28.91,2,M4x,2004,SchiniasNationalPark
4,Final A,Ukraine,UKR,5:58.87,1:28.23,2:59.96,4:32.10,1:31.73,1:32.14,1:26.77,3,M4x,2004,SchiniasNationalPark
6,Final A,Poland,POL,5:58.94,1:26.29,2:57.21,4:28.03,1:30.92,1:30.82,1:30.91,4,M4x,2004,SchiniasNationalPark
8,Final A,Germany,GER,6:07.04,1:26.10,2:59.34,4:31.55,1:33.24,1:32.21,1:35.49,5,M4x,2004,SchiniasNationalPark
10,Final A,Belarus,BLR,6:09.33,1:29.79,3:03.79,4:36.96,1:34.00,1:33.17,1:32.37,6,M4x,2004,SchiniasNationalPark
0,Final B,Australia,AUS,6:02.31,1:28.17,2:59.41,4:31.70,1:31.24,1:32.29,1:30.61,7,M4x,2004,SchiniasNationalPark
2,Final B,Switzerland,SUI,6:04.53,1:30.69,3:03.03,4:35.14,1:32.34,1:32.11,1:29.39,8,M4x,2004,SchiniasNationalPark
4,Final B,Estonia,EST,6:05.11,1:30.33,3:02.08,4:34.39,1:31.75,1:32.31,1:30.72,9,M4x,2004,SchiniasNationalPark
6,Final B,Italy,ITA,6:06.91,1:28.00,3:00.03,4:34.77,1:32.03,1:34.74,1:32.14,10,M4x,2004,SchiniasNationalPark
8,Final B,United States,USA,6:07.83,1:30.52,3:06.45,4:37.40,1:35.93,1:30.95,1:30.43,11,M4x,2004,SchiniasNationalPark
10,Final B,Great Britain,GBR,6:07.87,1:31.04,3:03.30,4:36.82,1:32.26,1:33.52,1:31.05,12,M4x,2004,SchiniasNationalPark
0,Final A,Poland,POL,5:41.33,1:23.28,2:48.78,4:15.70,1:25.50,1:26.92,1:25.63,1,M4x,2008,Shunyi
2,Final A,Italy,ITA,5:43.57,1:23.59,2:49.95,4:17.63,1:26.36,1:27.68,1:25.94,2,M4x,2008,Shunyi
4,Final A,France,FRA,5:44.34,1:24.29,2:51.97,4:20.17,1:27.68,1:28.20,1:24.17,3,M4x,2008,Shunyi
6,Final A,Australia,AUS,5:44.68,1:24.60,2:52.49,4:19.84,1:27.89,1:27.35,1:24.84,4,M4x,2008,Shunyi
8,Final A,United States,USA,5:47.64,1:24.88,2:55.18,4:22.61,1:30.30,1:27.43,1:25.03,5,M4x,2008,Shunyi
10,Final A,Germany,GER,5:50.96,1:23.87,2:51.55,4:21.52,1:27.68,1:29.97,1:29.44,6,M4x,2008,Shunyi
0,Final B,Russian Federation,RUS,5:46.17,1:23.41,2:50.70,4:19.41,1:27.29,1:28.71,1:26.76,7,M4x,2008,Shunyi
2,Final B,Ukraine,UKR,5:47.89,1:25.17,2:52.88,4:21.94,1:27.71,1:29.06,1:25.95,8,M4x,2008,Shunyi
4,Final B,Estonia,EST,5:48.12,1:26.59,2:54.28,4:21.72,1:27.69,1:27.44,1:26.40,9,M4x,2008,Shunyi
6,Final B,Czech Republic,CZE,5:50.07,1:26.97,2:55.58,4:24.60,1:28.61,1:29.02,1:25.47,10,M4x,2008,Shunyi
8,Final B,Belarus,BLR,5:50.74,1:26.16,2:55.80,4:25.12,1:29.64,1:29.32,1:25.62,11,M4x,2008,Shunyi
10,Final B,Cuba,CUB,5:52.66,1:25.83,2:54.05,4:23.68,1:28.22,1:29.63,1:28.98,12,M4x,2008,Shunyi
0,Final A,Germany,GER,5:42.48,1:24.16,2:51.61,4:18.30,1:27.45,1:26.69,1:24.18,1,M4x,2012,Windsor
2,Final A,Croatia,CRO,5:44.78,1:25.02,2:52.56,4:20.25,1:27.54,1:27.69,1:24.53,2,M4x,2012,Windsor
4,Final A,Australia,AUS,5:45.22,1:25.41,2:53.03,4:21.77,1:27.62,1:28.74,1:23.45,3,M4x,2012,Windsor
6,Final A,Estonia,EST,5:46.96,1:25.60,2:53.55,4:22.02,1:27.95,1:28.47,1:24.94,4,M4x,2012,Windsor
8,Final A,Great Britain,GBR,5:49.19,1:25.22,2:52.79,4:22.45,1:27.57,1:29.66,1:26.74,5,M4x,2012,Windsor
10,Final A,Poland,POL,5:51.74,1:25.64,2:54.28,4:22.70,1:28.64,1:28.42,1:29.04,6,M4x,2012,Windsor
0,Final B,New Zealand,NZL,5:58.88,1:26.95,2:57.59,4:29.51,1:30.64,1:31.92,1:29.37,7,M4x,2012,Windsor
2,Final B,Russian Federation,RUS,5:59.17,1:25.62,2:56.42,4:27.96,1:30.80,1:31.54,1:31.21,8,M4x,2012,Windsor
4,Final B,Ukraine,UKR,6:01.23,1:25.28,2:57.93,4:30.87,1:32.65,1:32.94,1:30.36,9,M4x,2012,Windsor
6,Final B,France,FRA,6:02.12,1:27.39,2:59.26,4:31.19,1:31.87,1:31.93,1:30.93,10,M4x,2012,Windsor
8,Final B,Italy,ITA,6:02.57,1:28.17,3:00.29,4:32.27,1:32.12,1:31.98,1:30.30,11,M4x,2012,Windsor
10,Final B,Switzerland,SUI,6:04.37,1:28.52,3:00.01,4:31.98,1:31.49,1:31.97,1:32.39,12,M4x,2012,Windsor
0,Final A,Germany,GER,6:06.81,1:28.82,3:00.78,4:34.58,1:31.96,1:33.80,1:32.23,1,M4x,2016,RiodeJaneiro
2,Final A,Australia,AUS,6:07.96,1:30.23,3:02.74,4:35.96,1:32.51,1:33.22,1:32.00,2,M4x,2016,RiodeJaneiro
4,Final A,Estonia,EST,6:10.65,1:30.37,3:03.19,4:36.85,1:32.82,1:33.66,1:33.80,3,M4x,2016,RiodeJaneiro
6,Final A,Poland,POL,6:12.09,1:30.81,3:04.01,4:37.79,1:33.20,1:33.78,1:34.30,4,M4x,2016,RiodeJaneiro
8,Final A,Great Britain,GBR,6:13.08,1:30.18,3:03.74,4:38.24,1:33.56,1:34.50,1:34.84,5,M4x,2016,RiodeJaneiro
10,Final A,Ukraine,UKR,6:16.30,1:30.16,3:04.50,4:39.60,1:34.34,1:35.10,1:36.70,6,M4x,2016,RiodeJaneiro
0,Final B,Switzerland,SUI,6:11.18,1:31.95,3:05.75,4:40.17,1:33.80,1:34.42,1:31.01,7,M4x,2016,RiodeJaneiro
2,Final B,Canada,CAN,6:13.55,1:30.20,3:04.91,4:40.35,1:34.71,1:35.44,1:33.20,8,M4x,2016,RiodeJaneiro
4,Final B,Lithuania,LTU,6:15.16,1:29.65,3:04.96,4:42.76,1:35.31,1:37.80,1:32.40,9,M4x,2016,RiodeJaneiro
6,Final B,New Zealand,NZL,6:18.92,1:34.40,3:10.95,4:46.01,1:36.55,1:35.06,1:32.91,10,M4x,2016,RiodeJaneiro
0,Final A,Netherlands,NED,5:32.03,1:23.69,2:47.17,4:10.24,1:23.48,1:23.07,1:21.79,1,M4x,2021,Japan
2,Final A,Great Britain,GBR,5:33.75,1:22.65,2:46.89,4:10.59,1:24.24,1:23.70,1:23.16,2,M4x,2021,Japan
4,Final A,Australia,AUS,5:33.97,1:23.84,2:47.55,4:11.78,1:23.71,1:24.23,1:22.19,3,M4x,2021,Japan
6,Final A,Poland,POL,5:34.27,1:23.62,2:48.01,4:11.63,1:24.39,1:23.62,1:22.64,4,M4x,2021,Japan
8,Final A,Italy,ITA,5:37.29,1:22.95,2:48.09,4:12.77,1:25.14,1:24.68,1:24.52,5,M4x,2021,Japan
10,Final A,Estonia,EST,5:38.58,1:24.05,2:49.29,4:13.77,1:25.24,1:24.48,1:24.81,6,M4x,2021,Japan
0,Final B,People's Republic of China,CHN,5:46.07,1:25.20,2:52.70,4:20.14,1:27.50,1:27.44,1:25.93,7,M4x,2021,Japan
2,Final B,Germany,GER,5:46.78,1:27.13,2:55.39,4:23.18,1:28.26,1:27.79,1:23.60,8,M4x,2021,Japan
4,Final B,Norway,NOR,5:47.34,1:27.17,2:54.54,4:21.80,1:27.37,1:27.26,1:25.54,9,M4x,2021,Japan
6,Final B,Lithuania,LTU,5:51.64,1:27.48,2:56.82,4:24.37,1:29.34,1:27.55,1:27.27,10,M4x,2021,Japan
0,Final A,East Germany,GDR,6:21.06,1:29.19,3:07.54,4:45.82,1:38.35,1:38.28,1:35.24,1,W4x,1988,Hanam
2,Final A,Soviet Union,URS,6:23.47,1:31.51,3:10.34,4:49.66,1:38.83,1:39.32,1:33.81,2,W4x,1988,Hanam
4,Final A,Romania,ROU,6:23.81,1:29.87,3:07.99,4:45.22,1:38.12,1:37.23,1:38.59,3,W4x,1988,Hanam
6,Final A,Bulgaria,BUL,6:24.10,1:32.60,3:10.05,4:47.78,1:37.45,1:37.73,1:36.32,4,W4x,1988,Hanam
8,Final A,Czechoslovakia,TCH,6:41.86,1:36.40,3:19.86,5:00.70,1:43.46,1:40.84,1:41.16,5,W4x,1988,Hanam
10,Final A,Belgium,BEL,6:43.79,1:38.57,3:22.19,5:03.62,1:43.62,1:41.43,1:40.17,6,W4x,1988,Hanam
0,Final B,Netherlands,NED,6:38.70,1:37.11,3:18.49,4:59.80,1:41.38,1:41.31,1:38.90,7,W4x,1988,Hanam
2,Final B,Hungary,HUN,6:40.91,1:36.74,3:18.97,5:01.76,1:42.23,1:42.79,1:39.15,8,W4x,1988,Hanam
4,Final B,United States,USA,6:14.28,1:35.45,3:16.73,4:58.68,1:41.28,1:41.95,1:15.60,9,W4x,1988,Hanam
6,Final B,France,FRA,6:43.16,1:36.26,3:19.40,5:01.06,1:43.14,1:41.66,1:42.10,10,W4x,1988,Hanam
0,Final A,Germany,GER,6:20.18,1:30.13,3:05.68,4:42.96,1:35.55,1:37.28,1:37.22,1,W4x,1992,Bañolas
2,Final A,Romania,ROU,6:24.34,1:32.72,3:09.93,4:47.74,1:37.21,1:37.81,1:36.60,2,W4x,1992,Bañolas
4,Final A,Unified Team,EUN,6:25.07,1:31.17,3:08.75,4:48.30,1:37.58,1:39.55,1:36.77,3,W4x,1992,Bañolas
6,Final A,Netherlands,NED,6:32.40,1:34.46,3:14.06,4:54.23,1:39.60,1:40.17,1:38.17,4,W4x,1992,Bañolas
8,Final A,United States,USA,6:32.65,1:33.58,3:13.29,4:53.89,1:39.71,1:40.60,1:38.76,5,W4x,1992,Bañolas
10,Final A,Czechoslovakia,TCH,6:35.99,1:34.67,3:15.27,4:56.25,1:40.60,1:40.98,1:39.74,6,W4x,1992,Bañolas
0,Final B,People's Republic of China,CHN,6:48.90,1:35.25,3:18.95,5:05.05,1:43.70,1:46.10,1:43.85,7,W4x,1992,Bañolas
2,Final B,Denmark,DEN,6:51.89,1:37.06,3:21.46,5:08.33,1:44.40,1:46.87,1:43.56,8,W4x,1992,Bañolas
4,Final B,Bulgaria,BUL,6:53.71,1:40.08,3:23.84,5:10.07,1:43.76,1:46.23,1:43.64,9,W4x,1992,Bañolas
0,Final A,Germany,GER,6:27.44,1:34.60,3:11.89,4:49.83,1:37.29,1:37.94,1:37.61,1,W4x,1996,Georgia
2,Final A,Ukraine,UKR,6:30.36,1:34.19,3:12.71,4:53.03,1:38.52,1:40.32,1:37.33,2,W4x,1996,Georgia
4,Final A,Canada,CAN,6:30.38,1:36.51,3:14.46,4:54.08,1:37.95,1:39.62,1:36.30,3,W4x,1996,Georgia
6,Final A,Denmark,DEN,6:30.92,1:36.84,3:15.70,4:55.28,1:38.86,1:39.58,1:35.64,4,W4x,1996,Georgia
8,Final A,People's Republic of China,CHN,6:31.10,1:37.31,3:16.45,4:55.69,1:39.14,1:39.24,1:35.41,5,W4x,1996,Georgia
10,Final A,Netherlands,NED,6:35.54,1:36.16,3:16.05,4:56.97,1:39.89,1:40.92,1:38.57,6,W4x,1996,Georgia
0,Final B,Russian Federation,RUS,6:24.10,1:33.56,3:10.50,4:48.83,1:36.94,1:38.33,1:35.27,7,W4x,1996,Georgia
2,Final B,United States,USA,6:24.49,1:33.23,3:10.78,4:48.49,1:37.55,1:37.71,1:36.00,8,W4x,1996,Georgia
4,Final B,Australia,AUS,6:25.73,1:35.38,3:13.06,4:50.79,1:37.68,1:37.73,1:34.94,9,W4x,1996,Georgia
6,Final B,Romania,ROU,6:31.35,1:34.95,3:13.32,4:52.71,1:38.37,1:39.39,1:38.64,10,W4x,1996,Georgia
0,Final A,Germany,GER,6:19.58,1:32.03,3:07.96,4:44.43,1:35.93,1:36.47,1:35.15,1,W4x,2000,NewSouthWales
2,Final A,Great Britain,GBR,6:21.64,1:33.33,3:10.54,4:46.86,1:37.21,1:36.32,1:34.78,2,W4x,2000,NewSouthWales
4,Final A,Russian Federation,RUS,6:21.65,1:32.41,3:09.33,4:46.53,1:36.92,1:37.20,1:35.12,3,W4x,2000,NewSouthWales
6,Final A,Ukraine,UKR,6:25.71,1:34.33,3:11.47,4:49.57,1:37.14,1:38.10,1:36.14,4,W4x,2000,NewSouthWales
8,Final A,United States,USA,6:30.26,1:34.00,3:12.37,4:51.87,1:38.37,1:39.50,1:38.39,5,W4x,2000,NewSouthWales
10,Final A,Denmark,DEN,6:31.30,1:34.65,3:14.71,4:55.11,1:40.06,1:40.40,1:36.19,6,W4x,2000,NewSouthWales
0,Final B,Australia,AUS,6:37.22,1:36.62,3:17.79,4:59.29,1:41.17,1:41.50,1:37.93,7,W4x,2000,NewSouthWales
2,Final B,People's Republic of China,CHN,6:39.51,1:36.24,3:16.52,4:57.67,1:40.28,1:41.15,1:41.84,8,W4x,2000,NewSouthWales
4,Final B,Romania,ROU,6:46.78,1:38.73,3:21.85,5:04.92,1:43.12,1:43.07,1:41.86,9,W4x,2000,NewSouthWales
0,Final A,Germany,GER,6:29.29,1:34.63,3:12.21,4:50.79,1:37.58,1:38.58,1:38.50,1,W4x,2004,SchiniasNationalPark
2,Final A,Great Britain,GBR,6:31.26,1:35.81,3:14.94,4:53.78,1:39.13,1:38.84,1:37.48,2,W4x,2004,SchiniasNationalPark
4,Final A,Australia,AUS,6:34.73,1:35.16,3:14.13,4:54.86,1:38.97,1:40.73,1:39.87,3,W4x,2004,SchiniasNationalPark
6,Final A,Russian Federation,RUS,6:36.49,1:34.97,3:15.58,4:57.13,1:40.61,1:41.55,1:39.36,4,W4x,2004,SchiniasNationalPark
8,Final A,United States,USA,6:39.67,1:37.49,3:17.37,4:57.86,1:39.88,1:40.49,1:41.81,5,W4x,2004,SchiniasNationalPark
10,Final A,Ukraine,UKR,[6:34.35],–,–,–,–,–,–,6,W4x,2004,SchiniasNationalPark
0,Final B,Denmark,DEN,6:50.13,1:38.92,3:22.33,5:06.28,1:43.41,1:43.95,1:43.85,7,W4x,2004,SchiniasNationalPark
2,Final B,Belarus,BLR,6:54.02,1:39.95,3:24.74,5:09.86,1:44.79,1:45.12,1:44.16,8,W4x,2004,SchiniasNationalPark
0,Final A,People's Republic of China,CHN,6:16.06,1:31.59,3:06.86,4:43.60,1:35.27,1:36.74,1:32.46,1,W4x,2008,Shunyi
2,Final A,Great Britain,GBR,6:17.37,1:29.98,3:05.85,4:42.13,1:35.87,1:36.28,1:35.24,2,W4x,2008,Shunyi
4,Final A,Germany,GER,6:19.56,1:31.29,3:07.59,4:44.89,1:36.30,1:37.30,1:34.67,3,W4x,2008,Shunyi
6,Final A,Ukraine,UKR,6:20.02,1:32.99,3:09.37,4:46.30,1:36.38,1:36.93,1:33.72,4,W4x,2008,Shunyi
8,Final A,United States,USA,6:25.86,1:33.67,3:10.06,4:47.76,1:36.39,1:37.70,1:38.10,5,W4x,2008,Shunyi
10,Final A,Australia,AUS,6:30.05,1:34.24,3:12.08,4:51.38,1:37.84,1:39.30,1:38.67,6,W4x,2008,Shunyi
0,Final B,Russian Federation,RUS,6:28.10,1:35.51,3:13.06,4:51.37,1:37.55,1:38.31,1:36.73,7,W4x,2008,Shunyi
2,Final B,Canada,CAN,6:28.78,1:37.45,3:14.43,4:51.84,1:36.98,1:37.41,1:36.94,8,W4x,2008,Shunyi
0,Final A,Ukraine,UKR,6:35.93,1:34.87,3:14.25,4:55.07,1:39.38,1:40.82,1:40.86,1,W4x,2012,Windsor
2,Final A,Germany,GER,6:38.09,1:36.92,3:17.16,4:57.88,1:40.24,1:40.72,1:40.21,2,W4x,2012,Windsor
4,Final A,United States,USA,6:40.63,1:36.76,3:16.97,4:58.14,1:40.21,1:41.17,1:42.49,3,W4x,2012,Windsor
6,Final A,Australia,AUS,6:41.67,1:37.47,3:19.63,5:01.22,1:42.16,1:41.59,1:40.45,4,W4x,2012,Windsor
8,Final A,People's Republic of China,CHN,6:44.19,1:38.43,3:21.86,5:04.53,1:43.43,1:42.67,1:39.66,5,W4x,2012,Windsor
10,Final A,Great Britain,GBR,6:51.54,1:40.17,3:23.44,5:07.26,1:43.27,1:43.82,1:44.28,6,W4x,2012,Windsor
0,Final B,New Zealand,NZL,6:56.46,1:42.43,3:26.92,5:12.15,1:44.49,1:45.23,1:44.31,7,W4x,2012,Windsor
2,Final B,Poland,POL,6:57.20,1:41.58,3:26.72,5:11.46,1:45.14,1:44.74,1:45.74,8,W4x,2012,Windsor
0,Final A,Germany,GER,6:49.39,1:41.31,3:26.31,5:10.47,1:45.00,1:44.16,1:38.92,1,W4x,2016,RiodeJaneiro
2,Final A,Netherlands,NED,6:50.33,1:41.31,3:26.39,5:11.19,1:45.08,1:44.80,1:39.14,2,W4x,2016,RiodeJaneiro
4,Final A,Poland,POL,6:50.86,1:39.99,3:24.02,5:08.99,1:44.03,1:44.97,1:41.87,3,W4x,2016,RiodeJaneiro
6,Final A,Ukraine,UKR,6:56.09,1:42.04,3:27.32,5:13.24,1:45.28,1:45.92,1:42.85,4,W4x,2016,RiodeJaneiro
8,Final A,United States,USA,6:57.67,1:43.24,3:29.06,5:13.32,1:45.82,1:44.26,1:44.35,5,W4x,2016,RiodeJaneiro
10,Final A,People's Republic of China,CHN,6:59.45,1:44.40,3:33.35,5:20.15,1:48.95,1:46.80,1:39.30,6,W4x,2016,RiodeJaneiro
0,Final A,People's Republic of China,CHN,6:05.13,1:30.18,3:01.96,4:32.94,1:31.78,1:30.98,1:32.19,1,W4x,2021,Japan
2,Final A,Poland,POL,6:11.36,1:32.04,3:06.65,4:39.57,1:34.61,1:32.92,1:31.79,2,W4x,2021,Japan
4,Final A,Australia,AUS,6:12.08,1:33.08,3:07.10,4:40.57,1:34.02,1:33.47,1:31.51,3,W4x,2021,Japan
6,Final A,Italy,ITA,6:13.33,1:34.34,3:08.59,4:42.12,1:34.25,1:33.53,1:31.21,4,W4x,2021,Japan
8,Final A,Germany,GER,6:13.41,1:30.89,3:03.93,4:37.01,1:33.04,1:33.08,1:36.40,5,W4x,2021,Japan
10,Final A,Netherlands,NED,6:15.75,1:31.79,3:05.58,4:40.54,1:33.79,1:34.96,1:35.21,6,W4x,2021,Japan
0,Final B,Great Britain,GBR,6:25.14,1:35.05,3:11.90,4:49.33,1:36.85,1:37.43,1:35.81,7,W4x,2021,Japan
2,Final B,New Zealand,NZL,6:29.00,1:36.12,3:14.41,4:52.32,1:38.29,1:37.91,1:36.68,8,W4x,2021,Japan
4,Final B,France,FRA,6:29.70,1:37.35,3:17.31,4:55.32,1:39.96,1:38.01,1:34.38,9,W4x,2021,Japan
6,Final B,United States,USA,6:30.03,1:37.02,3:14.72,4:53.53,1:37.70,1:38.81,1:36.50,10,W4x,2021,Japan
0,Final A,East Germany,GDR,5:49.05,1:22.32,2:47.65,4:18.62,1:25.33,1:30.97,1:30.43,1,M8+,1980,Moskva
2,Final A,Great Britain,GBR,5:51.92,1:21.73,2:51.09,4:21.73,1:29.36,1:30.64,1:30.19,2,M8+,1980,Moskva
4,Final A,Soviet Union,URS,5:52.66,1:22.00,2:50.23,4:23.37,1:28.23,1:33.14,1:29.29,3,M8+,1980,Moskva
6,Final A,Czechoslovakia,TCH,5:53.75,1:24.84,2:51.43,4:23.09,1:26.59,1:31.66,1:30.66,4,M8+,1980,Moskva
8,Final A,Australia,AUS,5:56.74,1:22.22,2:50.75,4:26.80,1:28.53,1:36.05,1:29.94,5,M8+,1980,Moskva
10,Final A,Bulgaria,BUL,6:04.05,1:22.48,2:53.87,4:27.60,1:31.39,1:33.73,1:36.45,6,M8+,1980,Moskva
0,Final B,Hungary,HUN,5:57.61,1:22.96,2:53.34,4:27.98,1:30.38,1:34.64,1:29.63,7,M8+,1980,Moskva
2,Final B,Cuba,CUB,6:14.98,1:27.48,3:02.28,4:32.83,1:34.80,1:30.55,1:42.15,8,M8+,1980,Moskva
0,Standalone Final,Canada,CAN,5:41.32,1:24.42,2:51.12,4:16.33,1:26.70,1:25.21,1:24.99,1,M8+,1984,California
2,Standalone Final,United States,USA,5:41.74,1:25.59,2:52.92,4:18.48,1:27.33,1:25.56,1:23.26,2,M8+,1984,California
4,Standalone Final,Australia,AUS,5:43.40,1:24.83,2:52.11,4:18.83,1:27.28,1:26.72,1:24.57,3,M8+,1984,California
6,Standalone Final,New Zealand,NZL,5:44.14,1:26.45,2:53.51,4:33.28,1:27.06,1:39.77,1:10.86,4,M8+,1984,California
8,Standalone Final,Great Britain,GBR,5:47.01,1:25.12,2:53.26,4:19.06,1:28.14,1:25.80,1:27.95,5,M8+,1984,California
10,Standalone Final,France,FRA,5:49.52,1:26.01,2:54.98,4:21.33,1:28.97,1:26.35,1:28.19,6,M8+,1984,California
12,Standalone Final,Chile,CHI,6:07.03,1:27.01,2:59.74,4:22.85,1:32.73,1:23.11,1:44.18,7,M8+,1984,California
0,Final A,West Germany,FRG,5:46.05,1:24.80,2:52.68,4:20.32,1:27.88,1:27.64,1:25.73,1,M8+,1988,Hanam
2,Final A,Soviet Union,URS,5:48.01,1:25.15,2:52.29,4:22.91,1:27.14,1:30.62,1:25.10,2,M8+,1988,Hanam
4,Final A,United States,USA,5:48.26,1:24.46,2:51.89,4:21.22,1:27.43,1:29.33,1:27.04,3,M8+,1988,Hanam
6,Final A,Great Britain,GBR,5:51.59,1:25.50,2:53.44,4:24.06,1:27.94,1:30.62,1:27.53,4,M8+,1988,Hanam
8,Final A,Australia,AUS,5:53.73,1:26.26,2:56.48,4:27.59,1:30.22,1:31.11,1:26.14,5,M8+,1988,Hanam
10,Final A,Canada,CAN,5:54.26,1:25.85,2:56.15,4:26.65,1:30.30,1:30.50,1:27.61,6,M8+,1988,Hanam
0,Final B,Italy,ITA,5:41.15,1:21.59,2:46.52,4:14.16,1:24.93,1:27.64,1:26.99,7,M8+,1988,Hanam
2,Final B,Bulgaria,BUL,5:49.99,1:21.32,2:47.72,4:18.10,1:26.40,1:30.38,1:31.89,8,M8+,1988,Hanam
4,Final B,Japan,JPN,5:55.52,1:26.49,2:54.69,4:24.83,1:28.20,1:30.14,1:30.69,9,M8+,1988,Hanam
6,Final B,Republic of Korea,KOR,6:16.73,1:27.83,3:02.40,4:40.03,1:34.57,1:37.63,1:36.70,10,M8+,1988,Hanam
0,Final A,Canada,CAN,5:29.53,1:20.23,2:43.36,4:07.30,1:23.13,1:23.94,1:22.23,1,M8+,1992,Bañolas
2,Final A,Romania,ROU,5:29.67,1:19.80,2:43.76,4:08.25,1:23.96,1:24.49,1:21.42,2,M8+,1992,Bañolas
4,Final A,Germany,GER,5:31.00,1:20.40,2:44.53,4:08.62,1:24.13,1:24.09,1:22.38,3,M8+,1992,Bañolas
6,Final A,United States,USA,5:33.18,1:21.31,2:45.80,4:10.53,1:24.49,1:24.73,1:22.65,4,M8+,1992,Bañolas
8,Final A,Australia,AUS,5:33.72,1:21.13,2:45.25,4:10.70,1:24.12,1:25.45,1:23.02,5,M8+,1992,Bañolas
10,Final A,Great Britain,GBR,5:39.92,1:21.65,2:47.31,4:14.00,1:25.66,1:26.69,1:25.92,6,M8+,1992,Bañolas
0,Final B,Denmark,DEN,5:41.61,1:21.87,2:47.85,4:15.55,1:25.98,1:27.70,1:26.06,7,M8+,1992,Bañolas
2,Final B,South Africa,RSA,5:42.58,1:22.17,2:48.50,4:16.79,1:26.33,1:28.29,1:25.79,8,M8+,1992,Bañolas
4,Final B,Italy,ITA,5:43.33,1:22.54,2:49.14,4:17.92,1:26.60,1:28.78,1:25.41,9,M8+,1992,Bañolas
6,Final B,Unified Team,EUN,5:43.52,1:24.21,2:51.48,4:19.20,1:27.27,1:27.72,1:24.32,10,M8+,1992,Bañolas
8,Final B,People's Republic of China,CHN,5:44.01,1:22.31,2:50.13,4:18.13,1:27.82,1:28.00,1:25.88,11,M8+,1992,Bañolas
10,Final B,Czechoslovakia,TCH,5:47.77,1:24.07,2:50.95,4:19.51,1:26.88,1:28.56,1:28.26,12,M8+,1992,Bañolas
0,Final C,Japan,JPN,6:02.44,1:23.84,2:54.22,4:29.01,1:30.38,1:34.79,1:33.43,13,M8+,1992,Bañolas
2,Final C,Spain,ESP,6:10.45,1:26.41,2:59.88,4:36.74,1:33.47,1:36.86,1:33.71,14,M8+,1992,Bañolas
0,Final A,Netherlands,NED,5:42.74,1:23.08,2:48.91,4:16.66,1:25.83,1:27.75,1:26.08,1,M8+,1996,Georgia
2,Final A,Germany,GER,5:44.58,1:22.72,2:48.63,4:17.66,1:25.91,1:29.03,1:26.92,2,M8+,1996,Georgia
4,Final A,Russian Federation,RUS,5:45.77,1:23.98,2:51.25,4:19.93,1:27.27,1:28.68,1:25.84,3,M8+,1996,Georgia
6,Final A,Canada,CAN,5:46.54,1:23.53,2:50.48,4:20.81,1:26.95,1:30.33,1:25.73,4,M8+,1996,Georgia
8,Final A,United States,USA,5:48.45,1:24.35,2:51.87,4:20.48,1:27.52,1:28.61,1:27.97,5,M8+,1996,Georgia
10,Final A,Australia,AUS,5:58.82,1:25.16,2:54.21,4:26.68,1:29.05,1:32.47,1:32.14,6,M8+,1996,Georgia
0,Final B,Romania,ROU,5:37.65,1:22.59,2:47.67,4:13.28,1:25.08,1:25.61,1:24.37,7,M8+,1996,Georgia
2,Final B,Great Britain,GBR,5:40.23,1:22.95,2:48.92,4:15.43,1:25.97,1:26.51,1:24.80,8,M8+,1996,Georgia
4,Final B,Italy,ITA,5:41.95,1:21.66,2:46.90,4:14.42,1:25.24,1:27.52,1:27.53,9,M8+,1996,Georgia
6,Final B,Ukraine,UKR,5:44.89,1:22.33,2:49.17,4:17.41,1:26.84,1:28.24,1:27.48,10,M8+,1996,Georgia
0,Final A,Great Britain,GBR,5:33.08,1:21.02,2:44.55,4:08.77,1:23.53,1:24.22,1:24.31,1,M8+,2000,NewSouthWales
2,Final A,Australia,AUS,5:33.88,1:23.96,2:47.91,4:12.36,1:23.95,1:24.45,1:21.52,2,M8+,2000,NewSouthWales
4,Final A,Croatia,CRO,5:34.85,1:21.62,2:45.66,4:10.90,1:24.04,1:25.24,1:23.95,3,M8+,2000,NewSouthWales
6,Final A,Italy,ITA,5:35.37,1:22.90,2:47.49,4:11.58,1:24.59,1:24.09,1:23.79,4,M8+,2000,NewSouthWales
8,Final A,United States,USA,5:39.16,1:24.37,2:48.88,4:13.82,1:24.51,1:24.94,1:25.34,5,M8+,2000,NewSouthWales
10,Final A,Romania,ROU,5:43.89,1:23.60,2:50.13,4:16.68,1:26.53,1:26.55,1:27.21,6,M8+,2000,NewSouthWales
0,Final B,Canada,CAN,5:36.30,1:22.32,2:46.94,4:12.35,1:24.62,1:25.41,1:23.95,7,M8+,2000,NewSouthWales
2,Final B,Netherlands,NED,5:36.63,1:24.19,2:49.66,4:14.73,1:25.47,1:25.07,1:21.90,8,M8+,2000,NewSouthWales
4,Final B,Russian Federation,RUS,5:42.72,1:22.79,2:49.92,4:17.06,1:27.13,1:27.14,1:25.66,9,M8+,2000,NewSouthWales
0,Final A,United States,USA,5:42.48,1:21.95,2:48.18,4:16.95,1:26.23,1:28.77,1:25.53,1,M8+,2004,SchiniasNationalPark
2,Final A,Netherlands,NED,5:43.75,1:23.58,2:52.44,4:19.16,1:28.86,1:26.72,1:24.59,2,M8+,2004,SchiniasNationalPark
4,Final A,Australia,AUS,5:45.38,1:22.86,2:51.44,4:19.73,1:28.58,1:28.29,1:25.65,3,M8+,2004,SchiniasNationalPark
6,Final A,Germany,GER,5:49.43,1:22.48,2:52.14,4:23.22,1:29.66,1:31.08,1:26.21,4,M8+,2004,SchiniasNationalPark
8,Final A,Canada,CAN,5:51.66,1:22.70,2:51.70,4:21.44,1:29.00,1:29.74,1:30.22,5,M8+,2004,SchiniasNationalPark
10,Final A,France,FRA,5:53.31,1:25.84,2:55.67,4:25.48,1:29.83,1:29.81,1:27.83,6,M8+,2004,SchiniasNationalPark
0,Final B,Italy,ITA,5:46.36,1:25.22,2:52.00,4:19.29,1:26.78,1:27.29,1:27.07,7,M8+,2004,SchiniasNationalPark
2,Final B,Poland,POL,5:50.68,1:22.15,2:48.00,4:18.25,1:25.85,1:30.25,1:32.43,8,M8+,2004,SchiniasNationalPark
4,Final B,Great Britain,GBR,5:55.77,1:25.72,2:55.39,4:25.79,1:29.67,1:30.40,1:29.98,9,M8+,2004,SchiniasNationalPark
0,Final A,Canada,CAN,5:23.89,1:18.79,2:39.82,4:02.53,1:21.03,1:22.71,1:21.36,1,M8+,2008,Shunyi
2,Final A,Great Britain,GBR,5:25.11,1:19.56,2:42.40,4:04.82,1:22.84,1:22.42,1:20.29,2,M8+,2008,Shunyi
4,Final A,United States,USA,5:25.34,1:21.09,2:43.75,4:05.13,1:22.66,1:21.38,1:20.21,3,M8+,2008,Shunyi
6,Final A,Netherlands,NED,5:29.26,1:19.98,2:43.15,4:07.76,1:23.17,1:24.61,1:21.50,4,M8+,2008,Shunyi
8,Final A,Poland,POL,5:31.42,1:20.42,2:44.46,4:09.03,1:24.04,1:24.57,1:22.39,5,M8+,2008,Shunyi
10,Final A,Australia,AUS,5:35.10,1:20.69,2:45.72,4:11.69,1:25.03,1:25.97,1:23.41,6,M8+,2008,Shunyi
0,Final B,People's Republic of China,CHN,5:34.59,1:21.23,2:44.79,4:10.22,1:23.56,1:25.43,1:24.37,7,M8+,2008,Shunyi
2,Final B,Germany,GER,5:36.89,1:23.48,2:47.88,4:12.94,1:24.40,1:25.06,1:23.95,8,M8+,2008,Shunyi
0,Final A,Germany,GER,5:48.75,1:24.81,2:53.90,4:22.27,1:29.09,1:28.37,1:26.48,1,M8+,2012,Windsor
2,Final A,Canada,CAN,5:49.98,1:26.13,2:55.49,4:23.92,1:29.36,1:28.43,1:26.06,2,M8+,2012,Windsor
4,Final A,Great Britain,GBR,5:51.18,1:25.15,2:54.33,4:22.54,1:29.18,1:28.21,1:28.64,3,M8+,2012,Windsor
6,Final A,United States,USA,5:51.48,1:27.11,3:00.53,4:25.07,1:33.42,1:24.54,1:26.41,4,M8+,2012,Windsor
8,Final A,Netherlands,NED,5:51.72,1:26.40,2:55.73,4:24.54,1:29.33,1:28.81,1:27.18,5,M8+,2012,Windsor
10,Final A,Australia,AUS,5:51.87,1:26.63,2:56.43,4:25.98,1:29.80,1:29.55,1:25.89,6,M8+,2012,Windsor
0,Final B,Poland,POL,5:57.67,1:25.08,2:54.86,4:26.52,1:29.78,1:31.66,1:31.15,7,M8+,2012,Windsor
2,Final B,Ukraine,UKR,6:07.33,1:26.79,2:58.79,4:33.59,1:32.00,1:34.80,1:33.74,8,M8+,2012,Windsor
0,Final A,Great Britain,GBR,5:29.63,1:20.39,2:41.54,4:06.37,1:21.15,1:24.83,1:23.26,1,M8+,2016,RiodeJaneiro
2,Final A,Germany,GER,5:30.96,1:21.03,2:43.99,4:08.91,1:22.96,1:24.92,1:22.05,2,M8+,2016,RiodeJaneiro
4,Final A,Netherlands,NED,5:31.59,1:21.75,2:44.31,4:08.99,1:22.56,1:24.68,1:22.60,3,M8+,2016,RiodeJaneiro
6,Final A,United States,USA,5:34.23,1:21.38,2:46.02,4:11.13,1:24.64,1:25.11,1:23.10,4,M8+,2016,RiodeJaneiro
8,Final A,Poland,POL,5:34.62,1:22.69,2:47.18,4:11.51,1:24.49,1:24.33,1:23.11,5,M8+,2016,RiodeJaneiro
10,Final A,New Zealand,NZL,5:36.64,1:21.28,2:44.02,4:11.45,1:22.74,1:27.43,1:25.19,6,M8+,2016,RiodeJaneiro
0,Final A,New Zealand,NZL,5:24.64,1:20.81,2:42.63,4:04.59,1:21.82,1:21.96,1:20.05,1,M8+,2021,Japan
2,Final A,Germany,GER,5:25.60,1:20.36,2:42.88,4:06.35,1:22.52,1:23.47,1:19.25,2,M8+,2021,Japan
4,Final A,Great Britain,GBR,5:25.73,1:20.51,2:42.70,4:05.90,1:22.19,1:23.20,1:19.83,3,M8+,2021,Japan
6,Final A,United States,USA,5:26.75,1:21.27,2:43.82,4:06.59,1:22.55,1:22.77,1:20.16,4,M8+,2021,Japan
8,Final A,Netherlands,NED,5:27.96,1:21.81,2:44.18,4:07.45,1:22.37,1:23.27,1:20.51,5,M8+,2021,Japan
10,Final A,Australia,AUS,5:36.23,1:22.30,2:45.64,4:10.91,1:23.34,1:25.27,1:25.32,6,M8+,2021,Japan
0,Standalone Final,East Germany,GDR,3:03.32,,,,,,,1,W8+,1980,Moskva
2,Standalone Final,Soviet Union,URS,3:04.29,,,,,,,2,W8+,1980,Moskva
4,Standalone Final,Romania,ROU,3:05.63,,,,,,,3,W8+,1980,Moskva
6,Standalone Final,Bulgaria,BUL,3:10.03,,,,,,,4,W8+,1980,Moskva
8,Standalone Final,Great Britain,GBR,3:13.85,,,,,,,5,W8+,1980,Moskva
0,Standalone Final,East Germany,GDR,6:15.17,1:30.43,3:04.64,4:41.68,1:34.21,1:37.04,1:33.49,1,W8+,1988,Hanam
2,Standalone Final,Romania,ROU,6:17.44,1:32.67,3:10.65,4:44.34,1:37.98,1:33.69,1:33.10,2,W8+,1988,Hanam
4,Standalone Final,People's Republic of China,CHN,6:21.83,1:31.76,3:08.72,4:48.78,1:36.96,1:40.06,1:33.05,3,W8+,1988,Hanam
6,Standalone Final,Soviet Union,URS,6:22.35,1:29.33,3:06.20,4:46.82,1:36.87,1:40.62,1:35.53,4,W8+,1988,Hanam
8,Standalone Final,Bulgaria,BUL,6:25.02,1:31.18,3:07.84,4:48.39,1:36.66,1:40.55,1:36.63,5,W8+,1988,Hanam
10,Standalone Final,United States,USA,6:26.66,1:32.27,3:09.19,4:50.01,1:36.92,1:40.82,1:36.65,6,W8+,1988,Hanam
0,Final A,Canada,CAN,6:02.62,1:29.16,2:59.71,4:31.90,1:30.55,1:32.19,1:30.72,1,W8+,1992,Bañolas
2,Final A,Romania,ROU,6:06.26,1:29.81,3:02.20,4:34.94,1:32.39,1:32.74,1:31.32,2,W8+,1992,Bañolas
4,Final A,Germany,GER,6:07.80,1:28.79,3:01.23,4:34.74,1:32.44,1:33.51,1:33.06,3,W8+,1992,Bañolas
6,Final A,Unified Team,EUN,6:09.68,1:28.52,3:01.53,4:35.68,1:33.01,1:34.15,1:34.00,4,W8+,1992,Bañolas
8,Final A,People's Republic of China,CHN,6:12.08,1:29.75,3:02.72,4:37.86,1:32.97,1:35.14,1:34.22,5,W8+,1992,Bañolas
10,Final A,United States,USA,6:12.25,1:30.05,3:03.64,4:38.91,1:33.59,1:35.27,1:33.34,6,W8+,1992,Bañolas
0,Final B,Great Britain,GBR,6:29.68,1:30.30,3:08.28,4:50.60,1:37.98,1:42.32,1:39.08,7,W8+,1992,Bañolas
2,Final B,Czechoslovakia,TCH,6:31.12,1:31.89,3:10.05,4:50.84,1:38.16,1:40.79,1:40.28,8,W8+,1992,Bañolas
0,Final A,Romania,ROU,6:19.73,1:32.24,3:07.92,4:44.70,1:35.68,1:36.78,1:35.03,1,W8+,1996,Georgia
2,Final A,Canada,CAN,6:24.05,1:34.33,3:12.04,4:49.72,1:37.71,1:37.68,1:34.33,2,W8+,1996,Georgia
4,Final A,Belarus,BLR,6:24.44,1:33.83,3:10.52,4:48.95,1:36.69,1:38.43,1:35.49,3,W8+,1996,Georgia
6,Final A,United States,USA,6:26.19,1:35.05,3:11.44,4:50.15,1:36.39,1:38.71,1:36.04,4,W8+,1996,Georgia
8,Final A,Australia,AUS,6:30.10,1:36.58,3:14.53,4:53.30,1:37.95,1:38.77,1:36.80,5,W8+,1996,Georgia
10,Final A,Netherlands,NED,6:31.11,1:36.22,3:14.53,4:54.42,1:38.31,1:39.89,1:36.69,6,W8+,1996,Georgia
0,Final B,Great Britain,GBR,6:15.21,1:31.31,3:06.89,4:41.98,1:35.58,1:35.09,1:33.23,7,W8+,1996,Georgia
2,Final B,Germany,GER,6:17.73,1:31.57,3:07.14,4:42.86,1:35.57,1:35.72,1:34.87,8,W8+,1996,Georgia
0,Standalone Final,Romania,ROU,6:06.44,1:30.38,3:02.20,4:34.89,1:31.82,1:32.69,1:31.55,1,W8+,2000,NewSouthWales
2,Standalone Final,Netherlands,NED,6:09.39,1:30.59,3:04.58,4:37.42,1:33.99,1:32.84,1:31.97,2,W8+,2000,NewSouthWales
4,Standalone Final,Canada,CAN,6:11.58,1:31.06,3:04.85,4:38.99,1:33.79,1:34.14,1:32.59,3,W8+,2000,NewSouthWales
6,Standalone Final,Belarus,BLR,6:13.57,1:30.05,3:05.20,4:40.00,1:35.15,1:34.80,1:33.57,4,W8+,2000,NewSouthWales
8,Standalone Final,Australia,AUS,6:15.16,1:31.70,3:06.60,4:41.70,1:34.90,1:35.10,1:33.46,5,W8+,2000,NewSouthWales
10,Standalone Final,United States,USA,6:16.87,1:31.41,3:06.07,4:40.86,1:34.66,1:34.79,1:36.01,6,W8+,2000,NewSouthWales
0,Standalone Final,Romania,ROU,6:17.70,1:32.49,3:09.16,4:45.42,1:36.67,1:36.26,1:32.28,1,W8+,2004,SchiniasNationalPark
2,Standalone Final,United States,USA,6:19.56,1:32.24,3:08.90,4:46.25,1:36.66,1:37.35,1:33.31,2,W8+,2004,SchiniasNationalPark
4,Standalone Final,Netherlands,NED,6:19.85,1:34.53,3:11.08,4:47.82,1:36.55,1:36.74,1:32.03,3,W8+,2004,SchiniasNationalPark
6,Standalone Final,People's Republic of China,CHN,6:21.71,1:33.46,3:11.84,4:47.50,1:38.38,1:35.66,1:34.21,4,W8+,2004,SchiniasNationalPark
8,Standalone Final,Germany,GER,6:21.99,1:33.79,3:10.03,4:48.58,1:36.24,1:38.55,1:33.41,5,W8+,2004,SchiniasNationalPark
10,Standalone Final,Australia,AUS,6:31.65,1:33.06,3:09.44,4:48.42,1:36.38,1:38.98,1:43.23,6,W8+,2004,SchiniasNationalPark
0,Final A,United States,USA,6:05.34,1:29.04,3:01.32,4:33.88,1:32.28,1:32.56,1:31.46,1,W8+,2008,Shunyi
2,Final A,Netherlands,NED,6:07.22,1:30.62,3:04.95,4:38.59,1:34.33,1:33.64,1:28.63,2,W8+,2008,Shunyi
4,Final A,Romania,ROU,6:07.25,1:30.02,3:03.10,4:35.93,1:33.08,1:32.83,1:31.32,3,W8+,2008,Shunyi
6,Final A,Canada,CAN,6:08.04,1:29.77,3:04.69,4:36.78,1:34.92,1:32.09,1:31.26,4,W8+,2008,Shunyi
8,Final A,Great Britain,GBR,6:13.74,1:32.02,3:05.21,4:39.88,1:33.19,1:34.67,1:33.86,5,W8+,2008,Shunyi
10,Final A,Australia,AUS,6:14.22,1:31.74,3:06.48,4:41.28,1:34.74,1:34.80,1:32.94,6,W8+,2008,Shunyi
0,Final A,United States,USA,6:10.59,1:29.81,3:02.85,4:37.91,1:33.04,1:35.06,1:32.68,1,W8+,2012,Windsor
2,Final A,Canada,CAN,6:12.06,1:31.31,3:05.19,4:40.15,1:33.88,1:34.96,1:31.91,2,W8+,2012,Windsor
4,Final A,Netherlands,NED,6:13.12,1:30.82,3:05.58,4:41.09,1:34.76,1:35.51,1:32.03,3,W8+,2012,Windsor
6,Final A,Romania,ROU,6:17.64,1:32.18,3:07.21,4:43.50,1:35.03,1:36.29,1:34.14,4,W8+,2012,Windsor
8,Final A,Great Britain,GBR,6:18.77,1:33.37,3:08.76,4:45.03,1:35.39,1:36.27,1:33.74,5,W8+,2012,Windsor
10,Final A,Australia,AUS,6:18.86,1:31.91,3:07.69,4:44.27,1:35.78,1:36.58,1:34.59,6,W8+,2012,Windsor
0,Final A,United States,USA,6:01.49,1:30.79,3:00.88,4:32.56,1:30.09,1:31.68,1:28.93,1,W8+,2016,RiodeJaneiro
2,Final A,Great Britain,GBR,6:03.98,1:32.13,3:03.13,4:34.46,1:31.00,1:31.33,1:29.52,2,W8+,2016,RiodeJaneiro
4,Final A,Romania,ROU,6:04.10,1:32.06,3:03.01,4:35.50,1:30.95,1:32.49,1:28.60,3,W8+,2016,RiodeJaneiro
6,Final A,New Zealand,NZL,6:05.48,1:30.80,3:02.22,4:35.25,1:31.42,1:33.03,1:30.23,4,W8+,2016,RiodeJaneiro
8,Final A,Canada,CAN,6:06.04,1:29.80,3:00.39,4:34.28,1:30.59,1:33.89,1:31.76,5,W8+,2016,RiodeJaneiro
10,Final A,Netherlands,NED,6:08.37,1:30.02,3:00.82,4:35.28,1:30.80,1:34.46,1:33.09,6,W8+,2016,RiodeJaneiro
0,Final A,Canada,CAN,5:59.13,1:29.37,2:59.90,4:30.57,1:30.53,1:30.67,1:28.56,1,W8+,2021,Japan
2,Final A,New Zealand,NZL,6:00.04,1:30.04,3:01.60,4:31.87,1:31.56,1:30.27,1:28.17,2,W8+,2021,Japan
4,Final A,People's Republic of China,CHN,6:01.21,1:30.55,3:02.24,4:33.21,1:31.69,1:30.97,1:28.00,3,W8+,2021,Japan
6,Final A,United States,USA,6:02.78,1:31.13,3:02.40,4:33.70,1:31.27,1:31.30,1:29.08,4,W8+,2021,Japan
8,Final A,Australia,AUS,6:03.92,1:30.03,3:01.53,4:33.57,1:31.50,1:32.04,1:30.35,5,W8+,2021,Japan
10,Final A,Romania,ROU,6:04.06,1:32.30,3:03.98,4:35.06,1:31.68,1:31.08,1:29.00,6,W8+,2021,Japan
0,Final A,East Germany,GDR,6:08.17,1:24.99,2:57.55,4:32.77,1:32.56,1:35.22,1:35.40,1,M4-,1980,Moskva
2,Final A,Soviet Union,URS,6:11.81,1:26.34,3:00.36,4:36.18,1:34.02,1:35.82,1:35.63,2,M4-,1980,Moskva
4,Final A,Great Britain,GBR,6:16.58,1:28.17,3:03.22,4:38.37,1:35.05,1:35.15,1:38.21,3,M4-,1980,Moskva
6,Final A,Czechoslovakia,TCH,6:18.63,1:27.29,3:03.56,4:40.03,1:36.27,1:36.47,1:38.60,4,M4-,1980,Moskva
8,Final A,Romania,ROU,6:19.45,1:28.43,3:05.69,4:44.15,1:37.26,1:38.46,1:35.30,5,M4-,1980,Moskva
10,Final A,Switzerland,SUI,6:26.46,1:28.65,3:04.82,4:44.48,1:36.17,1:39.66,1:41.98,6,M4-,1980,Moskva
0,Final B,France,FRA,6:19.06,1:27.11,3:01.02,4:38.59,1:33.91,1:37.57,1:40.47,7,M4-,1980,Moskva
2,Final B,Poland,POL,6:22.31,1:25.94,3:00.70,4:40.81,1:34.76,1:40.11,1:41.50,8,M4-,1980,Moskva
4,Final B,Bulgaria,BUL,6:22.49,1:29.18,3:07.33,4:46.43,1:38.15,1:39.10,1:36.06,9,M4-,1980,Moskva
6,Final B,Sweden,SWE,6:23.61,1:28.69,3:04.60,4:43.55,1:35.91,1:38.95,1:40.06,10,M4-,1980,Moskva
8,Final B,Cuba,CUB,6:36.20,1:27.89,3:05.27,4:48.09,1:37.38,1:42.82,1:48.11,11,M4-,1980,Moskva
0,Final A,New Zealand,NZL,6:03.48,1:30.51,3:03.20,4:34.89,1:32.69,1:31.69,1:28.59,1,M4-,1984,California
2,Final A,United States,USA,6:06.10,1:30.32,3:02.94,4:35.94,1:32.62,1:33.00,1:30.16,2,M4-,1984,California
4,Final A,Denmark,DEN,6:07.72,1:31.08,3:04.35,4:38.77,1:33.27,1:34.42,1:28.95,3,M4-,1984,California
6,Final A,West Germany,FRG,6:09.27,1:30.83,3:03.76,4:38.43,1:32.93,1:34.67,1:30.84,4,M4-,1984,California
8,Final A,Switzerland,SUI,6:09.50,1:29.69,3:01.96,4:36.68,1:32.27,1:34.72,1:32.82,5,M4-,1984,California
10,Final A,Sweden,SWE,6:11.71,1:30.06,3:02.55,4:37.16,1:32.49,1:34.61,1:34.55,6,M4-,1984,California
0,Final B,Canada,CAN,6:26.10,1:34.97,3:14.21,4:52.40,1:39.24,1:38.19,1:33.70,7,M4-,1984,California
2,Final B,Australia,AUS,6:28.31,1:33.77,3:11.84,4:50.81,1:38.07,1:38.97,1:37.50,8,M4-,1984,California
4,Final B,Great Britain,GBR,6:32.13,1:34.73,3:13.70,4:53.50,1:38.97,1:39.80,1:38.63,9,M4-,1984,California
6,Final B,People's Republic of China,CHN,6:50.03,1:36.53,3:19.22,5:05.08,1:42.69,1:45.86,1:44.95,10,M4-,1984,California
0,Final A,East Germany,GDR,6:03.11,1:29.56,3:01.51,4:32.47,1:31.95,1:30.96,1:30.64,1,M4-,1988,Hanam
2,Final A,United States,USA,6:05.53,1:30.45,3:03.16,4:35.63,1:32.71,1:32.47,1:29.90,2,M4-,1988,Hanam
4,Final A,West Germany,FRG,6:06.22,1:31.65,3:05.53,4:36.22,1:33.88,1:30.69,1:30.00,3,M4-,1988,Hanam
6,Final A,Great Britain,GBR,6:06.74,1:31.18,3:04.48,4:37.35,1:33.30,1:32.87,1:29.39,4,M4-,1988,Hanam
8,Final A,Italy,ITA,6:09.55,1:34.46,3:07.20,4:38.80,1:32.74,1:31.60,1:30.75,5,M4-,1988,Hanam
10,Final A,Soviet Union,URS,11:03.77,1:32.19,3:52.01,–,–,–,–,6,M4-,1988,Hanam
0,Final B,New Zealand,NZL,6:04.74,1:25.50,2:56.02,4:31.17,1:30.52,1:35.15,1:33.57,7,M4-,1988,Hanam
2,Final B,France,FRA,6:08.60,1:27.00,2:59.82,4:34.91,1:32.82,1:35.09,1:33.69,8,M4-,1988,Hanam
4,Final B,Netherlands,NED,6:15.32,1:28.30,3:02.77,4:38.74,1:34.47,1:35.97,1:36.58,9,M4-,1988,Hanam
6,Final B,Sweden,SWE,6:16.41,1:29.65,3:03.87,4:41.63,1:34.22,1:37.76,1:34.78,10,M4-,1988,Hanam
8,Final B,Canada,CAN,6:16.74,1:28.59,3:04.92,4:42.34,1:36.33,1:37.42,1:34.40,11,M4-,1988,Hanam
10,Final B,Greece,GRE,6:18.25,1:28.96,3:04.26,4:44.60,1:35.30,1:40.34,1:33.65,12,M4-,1988,Hanam
0,Final A,Australia,AUS,5:55.04,1:26.42,2:56.29,4:26.70,1:29.87,1:30.41,1:28.34,1,M4-,1992,Bañolas
2,Final A,United States,USA,5:56.68,1:26.47,2:57.65,4:29.40,1:31.18,1:31.75,1:27.28,2,M4-,1992,Bañolas
4,Final A,Slovenia,SLO,5:58.24,1:26.06,2:57.79,4:29.26,1:31.73,1:31.47,1:28.98,3,M4-,1992,Bañolas
6,Final A,Germany,GER,5:58.39,1:27.33,2:59.03,4:31.31,1:31.70,1:32.28,1:27.08,4,M4-,1992,Bañolas
8,Final A,Netherlands,NED,5:59.14,1:28.31,3:01.21,4:33.58,1:32.90,1:32.37,1:25.56,5,M4-,1992,Bañolas
10,Final A,New Zealand,NZL,6:02.13,1:27.18,3:00.26,4:32.09,1:33.08,1:31.83,1:30.04,6,M4-,1992,Bañolas
0,Final B,Great Britain,GBR,6:05.00,1:28.13,3:01.01,4:34.64,1:32.88,1:33.63,1:30.36,7,M4-,1992,Bañolas
2,Final B,Italy,ITA,6:06.21,1:28.92,3:02.22,4:35.86,1:33.30,1:33.64,1:30.35,8,M4-,1992,Bañolas
4,Final B,Spain,ESP,6:06.66,1:29.33,3:02.29,4:36.84,1:32.96,1:34.55,1:29.82,9,M4-,1992,Bañolas
6,Final B,Unified Team,EUN,6:10.62,1:27.52,3:02.16,4:37.70,1:34.64,1:35.54,1:32.92,10,M4-,1992,Bañolas
8,Final B,Canada,CAN,6:13.01,1:28.99,3:04.40,4:40.36,1:35.41,1:35.96,1:32.65,11,M4-,1992,Bañolas
10,Final B,France,FRA,6:17.69,1:32.58,3:08.42,4:45.44,1:35.84,1:37.02,1:32.25,12,M4-,1992,Bañolas
0,Final C,Romania,ROU,6:34.85,1:30.77,3:10.37,4:55.04,1:39.60,1:44.67,1:39.81,13,M4-,1992,Bañolas
2,Final C,Estonia,EST,6:38.76,1:31.98,3:14.39,5:00.35,1:42.41,1:45.96,1:38.41,14,M4-,1992,Bañolas
0,Final A,Australia,AUS,6:06.37,1:28.86,3:02.45,4:36.40,1:33.59,1:33.95,1:29.97,1,M4-,1996,Georgia
2,Final A,France,FRA,6:07.03,1:29.75,3:03.76,4:37.51,1:34.01,1:33.75,1:29.52,2,M4-,1996,Georgia
4,Final A,Great Britain,GBR,6:07.28,1:30.59,3:03.50,4:37.03,1:32.91,1:33.53,1:30.25,3,M4-,1996,Georgia
6,Final A,Slovenia,SLO,6:07.87,1:29.29,3:02.72,4:38.35,1:33.43,1:35.63,1:29.52,4,M4-,1996,Georgia
8,Final A,Romania,ROU,6:08.97,1:28.05,3:01.58,4:36.72,1:33.53,1:35.14,1:32.25,5,M4-,1996,Georgia
10,Final A,Italy,ITA,6:10.60,1:28.46,3:01.33,4:37.99,1:32.87,1:36.66,1:32.61,6,M4-,1996,Georgia
0,Final B,Croatia,CRO,5:54.58,1:24.64,2:54.18,4:26.09,1:29.54,1:31.91,1:28.49,7,M4-,1996,Georgia
2,Final B,Norway,NOR,5:55.19,1:26.67,2:56.39,4:27.34,1:29.72,1:30.95,1:27.85,8,M4-,1996,Georgia
4,Final B,Germany,GER,5:57.77,1:28.13,2:58.18,4:29.95,1:30.05,1:31.77,1:27.82,9,M4-,1996,Georgia
6,Final B,People's Republic of China,CHN,5:58.22,1:27.09,2:58.75,4:30.31,1:31.66,1:31.56,1:27.91,10,M4-,1996,Georgia
8,Final B,United States,USA,5:59.91,1:27.74,2:58.47,4:30.76,1:30.73,1:32.29,1:29.15,11,M4-,1996,Georgia
10,Final B,Poland,POL,6:00.57,1:25.82,2:55.59,4:27.74,1:29.77,1:32.15,1:32.83,12,M4-,1996,Georgia
0,Final A,Great Britain,GBR,5:56.24,1:27.51,2:58.67,4:28.88,1:31.16,1:30.21,1:27.36,1,M4-,2000,NewSouthWales
2,Final A,Italy,ITA,5:56.62,1:29.18,2:59.13,4:29.87,1:29.95,1:30.74,1:26.75,2,M4-,2000,NewSouthWales
4,Final A,Australia,AUS,5:57.61,1:28.39,3:00.26,4:30.72,1:31.87,1:30.46,1:26.89,3,M4-,2000,NewSouthWales
6,Final A,Slovenia,SLO,5:58.34,1:30.69,3:01.91,4:31.88,1:31.22,1:29.97,1:26.46,4,M4-,2000,NewSouthWales
8,Final A,United States,USA,6:02.34,1:28.87,3:01.52,4:33.30,1:32.65,1:31.78,1:29.04,5,M4-,2000,NewSouthWales
10,Final A,New Zealand,NZL,6:09.13,1:30.88,3:04.92,4:37.66,1:34.04,1:32.74,1:31.47,6,M4-,2000,NewSouthWales
0,Final B,France,FRA,6:01.29,1:27.01,2:59.33,4:30.83,1:32.32,1:31.50,1:30.46,7,M4-,2000,NewSouthWales
2,Final B,Yugoslavia,SCG,6:01.54,1:29.24,2:59.57,4:31.13,1:30.33,1:31.56,1:30.41,8,M4-,2000,NewSouthWales
4,Final B,Norway,NOR,6:04.28,1:27.72,3:00.46,4:33.14,1:32.74,1:32.68,1:31.14,9,M4-,2000,NewSouthWales
6,Final B,Romania,ROU,6:06.73,1:28.01,3:01.08,4:34.54,1:33.07,1:33.46,1:32.19,10,M4-,2000,NewSouthWales
8,Final B,Germany,GER,6:08.11,1:27.50,3:02.19,4:37.04,1:34.69,1:34.85,1:31.07,11,M4-,2000,NewSouthWales
10,Final B,Egypt,EGY,6:08.37,1:29.46,3:02.33,4:36.02,1:32.87,1:33.69,1:32.35,12,M4-,2000,NewSouthWales
0,Final A,Great Britain,GBR,6:06.98,1:28.00,3:01.68,4:36.72,1:33.68,1:35.04,1:30.26,1,M4-,2004,SchiniasNationalPark
2,Final A,Canada,CAN,6:07.06,1:28.41,3:02.12,4:36.21,1:33.71,1:34.09,1:30.85,2,M4-,2004,SchiniasNationalPark
4,Final A,Italy,ITA,6:10.41,1:31.00,3:04.35,4:37.40,1:33.35,1:33.05,1:33.01,3,M4-,2004,SchiniasNationalPark
6,Final A,Australia,AUS,6:13.06,1:28.79,3:04.03,4:38.87,1:35.24,1:34.84,1:34.19,4,M4-,2004,SchiniasNationalPark
8,Final A,New Zealand,NZL,6:15.47,1:29.06,3:04.78,4:41.39,1:35.72,1:36.61,1:34.08,5,M4-,2004,SchiniasNationalPark
10,Final A,Poland,POL,6:22.43,1:31.62,3:07.69,4:44.46,1:36.07,1:36.77,1:37.97,6,M4-,2004,SchiniasNationalPark
0,Final B,Germany,GER,5:48.52,1:23.16,2:51.16,4:20.31,1:28.00,1:29.15,1:28.21,7,M4-,2004,SchiniasNationalPark
2,Final B,Czech Republic,CZE,5:49.99,1:24.95,2:54.12,4:22.93,1:29.17,1:28.81,1:27.06,8,M4-,2004,SchiniasNationalPark
4,Final B,Slovenia,SLO,5:50.59,1:25.93,2:55.15,4:23.20,1:29.22,1:28.05,1:27.39,9,M4-,2004,SchiniasNationalPark
6,Final B,United States,USA,5:52.55,1:25.56,2:57.30,4:28.30,1:31.74,1:31.00,1:24.25,10,M4-,2004,SchiniasNationalPark
8,Final B,Russian Federation,RUS,5:53.58,1:24.71,2:56.48,4:25.60,1:31.77,1:29.12,1:27.98,11,M4-,2004,SchiniasNationalPark
10,Final B,Croatia,CRO,5:57.36,1:27.19,2:57.51,4:28.44,1:30.32,1:30.93,1:28.92,12,M4-,2004,SchiniasNationalPark
0,Final A,Great Britain,GBR,6:06.57,1:27.82,3:02.99,4:36.98,1:35.17,1:33.99,1:29.59,1,M4-,2008,Shunyi
2,Final A,Australia,AUS,6:07.85,1:27.61,3:01.61,4:35.48,1:34.00,1:33.87,1:32.37,2,M4-,2008,Shunyi
4,Final A,France,FRA,6:09.31,1:28.74,3:03.35,4:38.30,1:34.61,1:34.95,1:31.01,3,M4-,2008,Shunyi
6,Final A,Slovenia,SLO,6:11.62,1:29.00,3:02.79,4:37.62,1:33.79,1:34.83,1:34.00,4,M4-,2008,Shunyi
8,Final A,Czech Republic,CZE,6:16.56,1:28.16,3:04.08,4:38.70,1:35.92,1:34.62,1:37.86,5,M4-,2008,Shunyi
10,Final A,Germany,GER,6:19.63,1:29.25,3:06.99,4:44.81,1:37.74,1:37.82,1:34.82,6,M4-,2008,Shunyi
0,Final B,New Zealand,NZL,6:06.30,1:29.59,3:02.03,4:36.50,1:32.44,1:34.47,1:29.80,7,M4-,2008,Shunyi
2,Final B,Netherlands,NED,6:06.37,1:26.87,2:59.79,4:33.88,1:32.92,1:34.09,1:32.49,8,M4-,2008,Shunyi
4,Final B,United States,USA,6:07.17,1:27.76,3:01.11,4:34.87,1:33.35,1:33.76,1:32.30,9,M4-,2008,Shunyi
6,Final B,Ireland,IRL,6:07.97,1:28.51,3:03.76,4:37.32,1:35.25,1:33.56,1:30.65,10,M4-,2008,Shunyi
8,Final B,Italy,ITA,6:08.77,1:28.89,3:02.95,4:37.76,1:34.06,1:34.81,1:31.01,11,M4-,2008,Shunyi
10,Final B,Belarus,BLR,6:12.54,1:28.02,3:02.59,4:38.44,1:34.57,1:35.85,1:34.10,12,M4-,2008,Shunyi
0,Final A,Great Britain,GBR,6:03.97,1:27.86,2:59.55,4:32.56,1:31.69,1:33.01,1:31.41,1,M4-,2012,Windsor
2,Final A,Australia,AUS,6:05.19,1:28.20,3:00.16,4:33.25,1:31.96,1:33.09,1:31.94,2,M4-,2012,Windsor
4,Final A,United States,USA,6:07.20,1:29.97,3:02.14,4:34.80,1:32.17,1:32.66,1:32.40,3,M4-,2012,Windsor
6,Final A,Greece,GRE,6:11.43,1:30.50,3:03.55,4:37.80,1:33.05,1:34.25,1:33.63,4,M4-,2012,Windsor
8,Final A,Netherlands,NED,6:14.78,1:30.27,3:05.03,4:41.09,1:34.76,1:36.06,1:33.69,5,M4-,2012,Windsor
10,Final A,Germany,GER,6:16.37,1:31.06,3:07.23,4:44.66,1:36.17,1:37.43,1:31.71,6,M4-,2012,Windsor
0,Final B,Belarus,BLR,6:09.31,1:29.67,3:04.91,4:39.44,1:35.24,1:34.53,1:29.87,7,M4-,2012,Windsor
2,Final B,Italy,ITA,6:09.42,1:31.76,3:06.72,4:40.94,1:34.96,1:34.22,1:28.48,8,M4-,2012,Windsor
4,Final B,Canada,CAN,6:11.15,1:29.09,3:02.98,4:37.80,1:33.89,1:34.82,1:33.35,9,M4-,2012,Windsor
6,Final B,Serbia,SRB,6:11.94,1:30.16,3:04.37,4:39.96,1:34.21,1:35.59,1:31.98,10,M4-,2012,Windsor
8,Final B,New Zealand,NZL,6:11.97,1:30.59,3:04.64,4:39.68,1:34.05,1:35.04,1:32.29,11,M4-,2012,Windsor
10,Final B,Romania,ROU,6:16.20,1:28.00,3:02.45,4:40.23,1:34.45,1:37.78,1:35.97,12,M4-,2012,Windsor
0,Final A,Great Britain,GBR,5:58.61,1:27.36,2:59.26,4:30.09,1:31.90,1:30.83,1:28.52,1,M4-,2016,RiodeJaneiro
2,Final A,Australia,AUS,6:00.44,1:28.19,2:59.48,4:31.39,1:31.29,1:31.91,1:29.05,2,M4-,2016,RiodeJaneiro
4,Final A,Italy,ITA,6:03.85,1:30.73,3:04.49,4:37.52,1:33.76,1:33.03,1:26.33,3,M4-,2016,RiodeJaneiro
6,Final A,South Africa,RSA,6:05.80,1:29.42,3:02.92,4:35.96,1:33.50,1:33.04,1:29.84,4,M4-,2016,RiodeJaneiro
8,Final A,Netherlands,NED,6:08.38,1:31.37,3:06.45,4:38.09,1:35.08,1:31.64,1:30.29,5,M4-,2016,RiodeJaneiro
10,Final A,Canada,CAN,6:15.93,1:31.78,3:07.58,4:42.19,1:35.80,1:34.61,1:33.74,6,M4-,2016,RiodeJaneiro
0,Final B,United States,USA,5:59.20,1:26.83,2:58.35,4:30.18,1:31.52,1:31.83,1:29.02,7,M4-,2016,RiodeJaneiro
2,Final B,Greece,GRE,6:00.56,1:29.00,3:01.62,4:34.21,1:32.62,1:32.59,1:26.35,8,M4-,2016,RiodeJaneiro
4,Final B,Belarus,BLR,6:00.57,1:28.57,3:00.65,4:32.28,1:32.08,1:31.63,1:28.29,9,M4-,2016,RiodeJaneiro
6,Final B,Russian Federation,RUS,6:02.09,1:27.48,2:59.12,4:31.99,1:31.64,1:32.87,1:30.10,10,M4-,2016,RiodeJaneiro
8,Final B,France,FRA,6:02.21,1:29.55,3:02.14,4:34.17,1:32.59,1:32.03,1:28.04,11,M4-,2016,RiodeJaneiro
10,Final B,Germany,GER,6:06.24,1:29.35,3:01.76,4:34.86,1:32.41,1:33.10,1:31.38,12,M4-,2016,RiodeJaneiro
0,Final A,Australia,AUS,5:42.76,1:23.53,2:48.95,4:16.59,1:25.42,1:27.64,1:26.17,1,M4-,2021,Japan
2,Final A,Romania,ROU,5:43.13,1:24.38,2:52.21,4:19.23,1:27.83,1:27.02,1:23.90,2,M4-,2021,Japan
4,Final A,Italy,ITA,5:43.60,1:26.06,2:53.30,4:20.47,1:27.24,1:27.17,1:23.13,3,M4-,2021,Japan
6,Final A,Great Britain,GBR,5:45.78,1:24.84,2:51.40,4:18.21,1:26.56,1:26.81,1:27.57,4,M4-,2021,Japan
8,Final A,United States,USA,5:48.85,1:25.21,2:53.84,4:21.43,1:28.63,1:27.59,1:27.42,5,M4-,2021,Japan
10,Final A,Netherlands,NED,5:50.81,1:25.63,2:53.44,4:22.17,1:27.81,1:28.73,1:28.64,6,M4-,2021,Japan
0,Final B,Poland,POL,5:57.17,1:27.36,2:57.36,4:27.53,1:30.00,1:30.17,1:29.64,7,M4-,2021,Japan
2,Final B,Canada,CAN,5:58.29,1:29.06,3:00.14,4:29.05,1:31.08,1:28.91,1:29.24,8,M4-,2021,Japan
4,Final B,Switzerland,SUI,6:02.32,1:29.14,2:59.56,4:30.14,1:30.42,1:30.58,1:32.18,9,M4-,2021,Japan
6,Final B,South Africa,RSA,6:09.85,1:29.12,3:01.07,4:34.44,1:31.95,1:33.37,1:35.41,10,M4-,2021,Japan
